L-QuaternionX,L-QuaternionY,L-QuaternionZ,L-QuaternionW,R-QuaternionX,R-QuaternionY,R-QuaternionZ,R-QuaternionW,
0.08848516,0.03816203,-0.00339258,0.9953404,0.08878534,0.009407733,-0.0008386162,0.9960061
0.08848516,0.03816203,-0.00339258,0.9953404,0.08878534,0.009407716,-0.0008386174,0.996006
0.09355977,0.04071111,-0.003828936,0.9947736,0.09390166,0.01351658,-0.001274982,0.9954889
0.09355977,0.04071112,-0.003828934,0.9947736,0.09390165,0.01351659,-0.001274979,0.9954889
0.08816049,0.04070655,-0.003605771,0.9952678,0.08848309,0.01349929,-0.001199273,0.9959856
0.09080583,0.0371071,-0.003385893,0.9951713,0.09109785,0.008907933,-0.0008149156,0.9958017
0.09080584,0.03710711,-0.003385893,0.9951714,0.09109783,0.008907926,-0.0008149146,0.9958018
0.08936209,0.03711263,-0.003332118,0.9953019,0.08964967,0.008908228,-0.0008018822,0.9959332
0.0893509,0.03706657,-0.003309898,0.9953048,0.08963888,0.008862161,-0.0007793357,0.9959347
0.08944379,0.03175296,-0.002852998,0.9954815,0.08966605,0.002275538,-0.0002048624,0.9959694
0.08498358,0.02474551,-0.002111249,0.9960729,0.08511136,-0.002354469,0.0002011213,0.9963687
0.08493517,0.02480214,-0.002214493,0.9960753,0.08506047,-0.002297711,9.921667E-05,0.9963731
0.08258803,0.02473502,-0.002050458,0.9962746,0.08271217,-0.002352983,0.0001952896,0.9965706
0.08258804,0.02473502,-0.002050456,0.9962747,0.08271217,-0.002352992,0.0001952877,0.9965707
0.07336634,0.02550511,-0.001876891,0.9969772,0.07348378,0.002501156,-0.0001842903,0.9972934
0.07336635,0.02550511,-0.001876891,0.9969772,0.07348378,0.002501153,-0.0001842921,0.9972933
0.07336633,0.02550511,-0.001876889,0.9969772,0.07348377,0.002501139,-0.0001842936,0.9972933
0.073419,-0.01906285,0.001403621,0.997118,0.07313178,-0.04404336,0.003232788,0.9963441
0.002738486,-0.0314263,8.61048E-05,0.9995024,0.002723169,-0.05677084,0.0001548492,0.9983835
