L-QuaternionX,L-QuaternionY,L-QuaternionZ,L-QuaternionW,R-QuaternionX,R-QuaternionY,R-QuaternionZ,R-QuaternionW,
0.1056468,0.03202952,-0.003404648,0.9938819,0.1059074,0.005071649,-0.0005401726,0.9943629
0.1000357,0.03207464,-0.003226478,0.9944615,0.1002801,0.00628609,-0.0006335767,0.9949392
0.1000357,0.03207464,-0.003226479,0.9944615,0.1002801,0.006286089,-0.0006335758,0.9949392
0.09999693,0.03461835,-0.003455129,0.9943793,0.1002695,0.0098539,-0.000967083,0.994911
0.09999407,0.03460146,-0.003479495,0.9943801,0.100266,0.00983701,-0.0009913614,0.9949116
0.1011133,0.03477449,-0.003536459,0.9942608,0.1013912,0.009839327,-0.001002838,0.9947975
0.1028182,0.03476932,-0.003596189,0.9940859,0.1031154,0.006195785,-0.0006423161,0.9946501
0.1028182,0.03476932,-0.003596188,0.9940857,0.1031154,0.006195782,-0.000642317,0.99465
0.1011133,0.03477449,-0.00353646,0.9942607,0.1014084,0.005309263,-0.0005412012,0.9948306
0.1011133,0.03477449,-0.003536462,0.9942607,0.1014084,0.005309262,-0.0005412006,0.9948307
0.1029076,0.02926606,-0.003029099,0.9942557,0.1031202,0.004391891,-0.0004553248,0.9946592
0.1007122,0.03499985,-0.003545143,0.9942935,0.10101,0.005310659,-0.0005391955,0.9948712
0.1005817,0.03494109,-0.003512159,0.9943089,0.1008802,0.00525226,-0.0005023043,0.9948847
0.1018453,0.03887692,-0.003983203,0.9940322,0.1021875,0.01233029,-0.00126673,0.994688
0.1018453,0.03887693,-0.003983205,0.9940324,0.1021875,0.01233029,-0.001266729,0.9946881
0.1006168,0.03886303,-0.003933252,0.9941581,0.1009548,0.01232759,-0.001251015,0.9948139
0.09572802,0.03875421,-0.003729834,0.9946458,0.09606097,0.00984561,-0.0009502184,0.9953263
0.09572802,0.03875422,-0.003729833,0.9946459,0.09606098,0.00984561,-0.0009502202,0.9953263
0.08024683,0.0388078,-0.003126665,0.9960144,0.08052798,0.009806239,-0.0007922886,0.9967038
0.06299508,0.03873647,-0.002446915,0.997259,0.06321578,0.009784038,-0.0006197746,0.9979519
0.06299506,0.03873647,-0.002446915,0.9972587,0.06321578,0.009784035,-0.0006197756,0.9979517
0.03143171,-0.001717732,5.401681E-05,0.9995044,0.03135529,-0.0312561,0.000981007,0.999019
0.0314317,-0.001717734,5.401692E-05,0.9995044,0.03135527,-0.03125609,0.0009810077,0.9990189
