L-QuaternionX,L-QuaternionY,L-QuaternionZ,L-QuaternionW,R-QuaternionX,R-QuaternionY,R-QuaternionZ,R-QuaternionW,
-0.07374061,-0.08130809,-0.006032269,0.9939391,-0.07398649,-0.1097472,-0.008192165,0.9911683
-0.07354428,-0.08121642,-0.006009291,0.9939613,-0.07380277,-0.1097364,-0.008170889,0.9911833
-0.06779999,-0.07878149,-0.005370551,0.9945692,-0.0680844,-0.1056932,-0.007253806,0.9920388
-0.06769206,-0.07877739,-0.005361679,0.9945769,-0.06797083,-0.1056886,-0.007241331,0.9920471
-0.06777706,-0.07881257,-0.005370859,0.9945683,-0.06805018,-0.1057243,-0.007252303,0.9920378
-0.0731767,-0.07858039,-0.00578379,0.9942017,-0.07345854,-0.1055764,-0.007820685,0.9916635
-0.07035545,-0.08220311,-0.00581769,0.9941121,-0.07061271,-0.1101329,-0.007844443,0.9913744
-0.07111501,-0.08187761,-0.005857376,0.9940847,-0.0713812,-0.1098289,-0.007908104,0.9913525
-0.07125816,-0.08173557,-0.005858975,0.9940861,-0.07152244,-0.1096881,-0.007913553,0.9913579
-0.0715581,-0.08707431,-0.006270951,0.9936087,-0.0717527,-0.1162703,-0.008421987,0.9905866
-0.07184108,-0.08712775,-0.006299774,0.9935834,-0.07202388,-0.1163256,-0.008458062,0.9905602
-0.07658605,-0.09396537,-0.007250094,0.9925989,-0.07669427,-0.1208515,-0.009365464,0.9896591
-0.07979105,-0.09404974,-0.007562282,0.9923361,-0.07992276,-0.1209601,-0.009771172,0.9893864
-0.08076026,-0.09391065,-0.007643328,0.9922702,-0.08090413,-0.1208275,-0.009880957,0.9893218
-0.09147662,-0.0922984,-0.008515663,0.991484,-0.09162768,-0.1152804,-0.01067992,0.9890403
-0.09274288,-0.09250723,-0.008654282,0.9913457,-0.09287167,-0.1154974,-0.01084687,0.9888971
-0.09410822,-0.09303373,-0.008833271,0.9911662,-0.09422876,-0.1160317,-0.01105844,0.9887038
-0.0971449,-0.09541922,-0.009357059,0.9906415,-0.09724361,-0.118432,-0.01165522,0.9881203
-0.09997608,-0.1428492,-0.01450524,0.9845753,-0.0995161,-0.1677199,-0.01702015,0.9806513
