L-QuaternionX,L-QuaternionY,L-QuaternionZ,L-QuaternionW,R-QuaternionX,R-QuaternionY,R-QuaternionZ,R-QuaternionW,
-0.01594245,-0.009153064,-0.0001459469,0.999831,-0.01645159,-0.03565956,-0.0005871094,0.9992284
-0.01591051,-0.009798392,-0.0001559246,0.9998254,-0.01640647,-0.0363047,-0.0005961052,0.9992059
-0.02145223,-0.009863625,-0.0002116557,0.9997212,-0.02194262,-0.03527356,-0.0007746631,0.9991365
-0.02137343,-0.01015599,-0.0002171292,0.99972,-0.02185759,-0.03556574,-0.00077806,0.999128
-0.02108687,-0.00796236,-0.0001679439,0.999746,-0.02155644,-0.03236583,-0.0006982202,0.9992434
-0.01917435,-0.008075924,-0.0001548842,0.9997835,-0.01965472,-0.03263607,-0.0006419189,0.9992738
-0.01895468,-0.008186084,-0.0001551977,0.9997869,-0.01943665,-0.03274581,-0.000636931,0.9992746
-0.01771059,-0.008351473,-0.0001479379,0.9998083,-0.01823114,-0.03647597,-0.0006655522,0.999168
-0.01835075,-0.008735515,-0.0001603364,0.9997935,-0.01883019,-0.03686146,-0.0006947038,0.9991428
-0.02022453,-0.008788977,-0.0001777962,0.9997568,-0.02073532,-0.03781042,-0.0007847414,0.9990695
-0.01834355,-0.01481365,-0.0002718104,0.999722,-0.01877383,-0.03929312,-0.0007383829,0.9990511
-0.01866992,-0.01490121,-0.0002782839,0.9997146,-0.01909227,-0.03938122,-0.0007525983,0.9990416
-0.02085624,-0.009213155,-0.0001922017,0.99974,-0.02137514,-0.03845958,-0.000822876,0.9990312
-0.02158526,-0.009336036,-0.0002015765,0.9997234,-0.02211282,-0.03858358,-0.0008540368,0.9990103
-0.0211194,-0.006010607,-0.000126971,0.9997589,-0.02158483,-0.03215855,-0.0006946581,0.9992495
-0.02514055,-0.008411071,-0.0002115333,0.9996485,-0.02557332,-0.03456454,-0.0008847484,0.9990749
-0.02684215,-0.009813454,-0.0002635219,0.9995915,-0.02730226,-0.03596908,-0.0009830405,0.9989794
-0.03708708,-0.01335414,-0.0004956514,0.9992227,-0.03758402,-0.04191466,-0.001577825,0.9984128
-0.04036437,-0.01526762,-0.0006168428,0.9990682,-0.0408337,-0.04383788,-0.001793287,0.9982022
-0.06718625,-0.0240448,-0.001619611,0.9974494,-0.06754705,-0.0529448,-0.003589532,0.9963039
-0.09018598,-0.02998946,-0.002716938,0.9954696,-0.09053954,-0.05910133,-0.005382641,0.9941231
-0.09977499,-0.04232724,-0.004248265,0.9941003,-0.1001198,-0.07150101,-0.007213656,0.9923767
-0.1364402,-0.08858237,-0.01225031,0.9866039,-0.1359401,-0.1187763,-0.01641845,0.9834343
