Yaw,Pitch,Roll
345.2473,342.3643,5.772047
344.7175,341.9187,6.031793
343.7036,340.9566,6.405022
343.209,340.4814,6.635911
342.2398,339.6342,7.184702
341.8151,339.2066,7.408392
340.9916,338.2616,7.812232
340.604,337.7813,7.993083
340.2371,337.3097,8.163515
339.5876,336.5381,8.517549
339.3169,336.2462,8.656375
338.8482,335.8105,8.987236
338.6908,335.6809,9.072691
338.2327,335.5469,9.277877
338.1133,335.2134,9.294105
337.8955,335.2461,9.381941
337.539,335.1237,9.512988
337.3462,335.1524,9.603252
337.03,335.5537,9.774241
336.9301,335.8186,9.82143
336.7815,336.0787,9.829926
336.6998,336.1298,9.832945
336.6233,336.2563,9.849093
336.5806,336.7289,9.816372
336.5927,337.0215,9.787844
336.7199,337.9291,9.68611
336.8344,338.5223,9.617109
337.0348,339.5615,9.523339
337.1477,340.0413,9.481137
337.3619,340.9636,9.356924
337.4573,341.3275,9.304302
337.5277,341.6162,9.28454
337.6041,341.7938,9.268256
337.6039,341.6551,9.219842
337.6166,341.3416,9.131634
337.59,341.1743,9.130024
337.5638,340.8656,9.039859
337.5442,340.7098,8.962689
337.4851,340.598,8.945606
337.3423,340.5105,8.938747
337.2589,340.5008,8.939164
337.0531,340.3917,8.903389
336.902,340.3283,8.942444
336.5743,340.1941,9.0452
336.4201,340.102,9.094336
336.0063,339.8813,9.28755
335.8272,339.7665,9.34235
