L_Yaw,L_Pitch,L_Roll,R_Yaw,R_Pitch,R_Roll,
1.052373,8.995392,0,0.2986527,8.974814,3.37639E-09
351.1326,5.004889,-5.356508E-08,350.3945,4.97209,0
350.5258,4.878026,0,349.788,4.843153,5.355206E-08
344.0755,357.8654,0,343.3566,357.8469,0
343.6671,346.5824,0,342.9283,346.6002,-4.388334E-07
343.6671,346.5824,0,342.9283,346.6002,-4.388334E-07
343.4417,346.5967,0,342.703,346.6142,0
342.7334,346.4533,0,341.9943,346.4706,-2.195355E-07
344.6555,356.7233,-1.068965E-07,343.929,356.7039,5.344927E-08
359.9095,359.5419,2.605594E-11,359.166,359.5117,4.168968E-10
359.7511,359.5395,3.126714E-10,359.0076,359.5087,-4.16897E-10
1.344672,359.8242,0,0.6027946,359.7928,0
1.394881,359.8294,0,0.6529983,359.7981,1.042211E-10
1.373532,0.7872768,1.667684E-09,0.6319512,0.755725,0
1.439217,0.8064359,0,0.697624,0.775106,0
1.254556,2.566336,0,0.5122461,2.536273,1.669162E-09
1.42613,3.101621,0,0.6836787,3.072039,1.669926E-09
1.444726,3.129674,3.340035E-09,0.7022539,3.100101,-3.339941E-09
3.35484,3.762837,1.336903E-08,2.614254,3.735528,-6.684308E-09
3.4248,3.765493,1.336907E-08,2.6842,3.738461,-2.005299E-08
3.535204,3.992217,0,2.794362,3.966216,-6.68612E-09
2.081509,3.862686,0,1.338758,3.835266,0
2.163485,3.716162,6.684161E-09,1.420849,3.689066,-3.341978E-09
2.194184,1.234935,-1.667914E-09,1.452933,1.205034,0
2.212462,1.165572,-1.667872E-09,1.471235,1.135532,0
2.505227,0.7436917,0,1.764461,0.7125229,0
2.543356,359.6661,0,1.802719,359.6334,8.337803E-10
2.481893,359.3676,-1.667628E-09,1.741272,359.3337,-8.338197E-10
2.346433,358.9435,0,1.605657,358.9086,0
2.208401,358.9249,1.66782E-09,1.467672,358.8889,-3.33568E-09
2.126622,358.7939,1.667896E-09,1.38589,358.7573,-1.667919E-09
3.069115,358.9521,3.335611E-09,2.329853,358.9148,-5.003477E-09
2.892374,358.6836,0,2.153121,358.6447,-1.667993E-09
3.379523,358.5744,0,2.641175,358.5348,-6.672288E-09
3.150717,358.3362,0,2.412358,358.2952,-3.33653E-09
3.050899,358.2222,-3.336659E-09,2.312537,358.1805,0
2.997983,358.0121,-6.674124E-09,2.139714,357.9626,0
1.29532,357.806,1.66875E-09,0.5547602,357.7638,-8.343988E-10
1.156766,357.7156,-3.337706E-09,0.4161866,357.6729,-8.344515E-10
0.6724222,356.9955,-1.669822E-09,359.9312,356.9516,-2.087362E-10
0.5429428,356.908,0,359.8017,356.8633,-4.175072E-10
359.8623,355.7165,0,359.1197,355.6694,-3.344603E-09
