L_Yaw,L_Pitch,L_Roll,R_Yaw,R_Pitch,R_Roll,
6.219021,342.4445,1.11935E-07,4.593469,342.5589,1.118646E-07
2.000409,342.8021,0,359.7141,343.0126,3.487203E-09
1.929742,342.8352,2.792417E-08,359.6437,343.0444,3.486613E-09
1.702096,340.2021,-2.835649E-08,359.2802,340.4337,0
1.748331,340.2939,-2.834017E-08,359.2756,340.5312,0
2.134437,340.2841,0,0.4932363,340.4348,-7.078832E-09
2.050954,340.3046,2.833828E-08,0.4101341,340.4568,0
9.252177,342.0983,0,8.471046,342.139,-3.363773E-07
9.22848,342.1396,-1.121254E-07,8.447514,342.1801,-2.241998E-07
11.96123,342.124,0,10.53919,342.1791,3.363016E-07
11.94604,342.0266,0,10.52327,342.0828,-2.243226E-07
12.37679,342.0646,0,10.97197,342.1178,1.121392E-07
12.22389,342.0384,2.243789E-07,10.6566,342.0993,-1.121508E-07
10.47994,342.5825,0,9.083333,342.6531,-3.35421E-07
10.57065,342.7479,-2.234988E-07,9.175369,342.8197,0
10.6912,342.8519,-1.116866E-07,9.296663,342.9231,-1.116439E-07
8.867944,343.1706,2.22994E-07,6.949916,343.2814,-1.11432E-07
9.038192,343.2921,-1.114258E-07,7.122397,343.3989,-1.113637E-07
9.390934,343.3683,2.227628E-07,7.475749,343.4729,-1.113209E-07
9.769487,343.4138,2.2271E-07,8.054787,343.5056,0
11.56732,344.3734,2.216357E-07,9.863635,344.4499,1.107765E-07
11.63696,344.5744,0,9.934773,344.6479,-1.106707E-07
11.61915,344.7578,1.106127E-07,9.918405,344.8304,1.105746E-07
12.42237,345.4385,-2.20527E-07,10.51646,345.516,1.102249E-07
12.4993,345.4633,3.307535E-07,10.99488,345.524,-2.204418E-07
13.00977,346.5864,1.097146E-07,11.12316,346.664,-1.096793E-07
13.01831,346.7958,0,11.13332,346.8733,0
12.92072,347.2432,1.094227E-07,11.03679,347.3247,-1.093875E-07
12.82011,347.3284,-1.09386E-07,10.93708,347.4154,0
12.31001,347.5896,0,10.196,347.7025,-1.092279E-07
11.9432,347.853,0,9.844405,347.9687,-1.091186E-07
11.59737,347.8633,0,9.498784,347.981,2.182273E-07
9.303373,347.3258,-1.093871E-07,6.975633,347.4833,1.093199E-07
8.401834,346.9727,1.095409E-07,6.072374,347.1494,5.473171E-08
6.267022,346.0266,0,4.634043,346.173,5.495329E-08
4.858829,345.2332,0,3.220366,345.3825,0
1.104681,342.263,-2.801197E-08,359.7233,342.3909,3.499008E-09
359.5407,339.5085,7.120675E-09,357.5241,339.6909,5.689799E-08
357.8988,338.8947,-5.719768E-08,355.874,339.0768,5.712788E-08
