L_Yaw,L_Pitch,L_Roll,R_Yaw,R_Pitch,R_Roll,
354.8015,2.512174,-0.004971673,352.604,2.501382,-0.005098244
354.7919,2.50878,2.002951E-07,352.5944,2.498183,-8.011742E-08
354.8043,359.778,2.076086E-07,352.5122,359.779,3.885366E-07
354.8311,359.7922,0.009984796,352.4894,359.7936,0.00936398
355.2373,359.7706,0.0009200768,353.6842,359.7712,0.0011432
355.242,359.7789,-5.736334E-07,353.689,359.7794,-1.258992E-07
355.242,359.7789,6.670156E-08,353.689,359.7794,3.251701E-07
2.077488,2.03684,3.670878E-08,1.332499,2.037629,8.843482E-08
4.690031,2.250637,-6.00773E-08,3.33428,2.25437,-3.270884E-07
4.690032,2.250637,3.671391E-07,3.334282,2.25437,4.272175E-07
5.0816,2.250473,-2.336339E-07,3.742767,2.254531,-2.002582E-07
4.894569,2.003563,8.676443E-08,3.401256,2.007351,8.009042E-08
4.894568,2.003564,-2.803158E-07,3.401256,2.007351,4.738684E-07
3.076741,2.003544,-2.002256E-08,1.741229,2.005506,-8.009033E-08
3.07674,2.003543,-3.770916E-07,1.741228,2.005508,4.671936E-08
1.054217,2.005776,1.051186E-07,359.2133,2.005925,-2.1274E-07
1.053466,2.00484,3.604063E-07,359.2138,2.00499,1.860431E-07
1.053464,2.004841,-5.789862E-07,359.2138,2.004992,-1.610149E-07
1.357212,2.004626,-8.342739E-08,359.7099,2.005164,-2.657163E-07
1.357212,2.004626,-2.052314E-07,359.7099,2.005161,1.084556E-08
2.960214,2.751322,-2.7379E-07,1.31552,2.754268,1.402342E-07
2.960215,2.751323,-2.804678E-07,1.315519,2.754267,-4.307194E-07
3.730185,3.244958,8.685064E-08,1.880595,3.250085,-9.687236E-08
3.798117,3.254284,1.937455E-07,2.338034,3.258722,-1.336182E-08
3.798118,3.254282,2.004264E-08,2.338034,3.258722,3.206837E-07
4.253082,4.244009,1.20392E-07,2.410959,4.251933,1.003277E-07
4.253081,4.244009,4.013068E-08,2.410959,4.251933,0
4.254568,4.246319,2.675386E-08,2.409986,4.254257,1.203936E-07
4.237934,4.494018,7.092117E-07,2.163429,4.503088,8.697989E-08
4.228291,4.742739,4.952838E-07,2.165737,4.752244,2.543384E-07
4.22829,4.742739,5.354419E-08,2.165737,4.752246,2.543384E-07
4.22829,4.742741,2.007907E-07,2.165738,4.752245,7.362428E-08
3.143399,4.49685,-1.204326E-07,0.8592026,4.503093,-1.338152E-08
3.143399,4.49685,1.070512E-07,0.8592026,4.503094,-2.442127E-07
3.455825,4.746722,-1.740196E-07,1.858443,4.752842,-3.34656E-08
3.060468,3.499455,-3.007155E-07,1.735633,3.502834,3.341296E-07
3.366932,1.602161,359.9724,1.467322,1.603542,359.9735
3.354545,1.63553,1.000924E-07,1.454904,1.637809,0
349.4896,348.6558,2.176965E-07,348.7437,348.6834,1.197215E-06
