L_Yaw,L_Pitch,L_Roll,R_Yaw,R_Pitch,R_Roll,
350.6468,351.514,5.395152E-08,347.3633,351.4621,0
350.6575,351.5367,5.394833E-08,347.3647,351.4833,-2.158233E-07
350.9419,352.2003,0,347.8371,352.1478,5.386591E-08
350.9425,352.2128,1.615726E-07,347.8378,352.1609,2.154568E-07
350.9384,352.203,-1.615764E-07,347.8336,352.1517,-1.077308E-07
350.9616,351.5808,5.394216E-08,347.8459,351.527,1.078994E-07
350.5459,351.9036,0,347.3219,351.8517,5.390504E-08
350.5829,351.8163,-1.078197E-07,347.3563,351.7632,0
350.5992,351.7999,0,347.3725,351.747,-1.078385E-07
349.9834,351.7615,5.391727E-08,346.6111,351.7141,-1.078475E-07
349.9771,351.7289,-5.392172E-08,346.6044,351.6826,-1.078561E-07
349.1843,351.1759,1.62E-07,346.0757,351.1374,0
349.1718,350.8058,1.081107E-07,346.0595,350.7633,0
349.187,350.694,2.162901E-07,346.0737,350.6498,0
349.3632,349.4574,1.085542E-07,346.7035,349.4141,-1.085695E-07
349.3378,349.3108,1.086063E-07,346.6767,349.2697,-1.08621E-07
349.2755,349.1524,0,346.6131,349.1117,-1.086782E-07
348.9964,348.7987,0,346.3307,348.7589,-1.088091E-07
343.4894,348.4038,0,340.5893,348.411,0
