L_Yaw,L_Pitch,L_Roll,R_Yaw,R_Pitch,R_Roll,
4.391368,10.16041,2.16844E-07,1.082337,10.18792,2.236396E-07
4.391368,10.16041,1.897385E-07,1.082336,10.18792,-7.454656E-08
4.687045,10.74588,-1.357833E-07,1.555809,10.77721,-1.493771E-07
4.687046,10.74588,1.086266E-07,1.55581,10.77721,3.259137E-07
4.684195,10.12406,1.626146E-07,1.553045,10.15363,1.355246E-08
4.270814,10.4272,-2.984128E-07,1.02505,10.45396,-1.017404E-07
4.270815,10.4272,-1.356422E-07,1.025049,10.45395,-8.13923E-08
4.27089,10.26097,-8.134221E-08,1.024949,10.28732,-1.694771E-07
4.265765,10.25958,0.002046534,1.019838,10.28605,0.002122746
3.653898,10.26845,-1.355736E-07,0.2618123,10.28882,2.118474E-07
2.84622,9.753177,4.602189E-07,359.7292,9.764885,-1.319792E-07
2.851741,9.747909,359.9885,359.7348,9.759006,359.9888
2.844439,9.47761,-2.975462E-07,359.7294,9.488986,-5.071978E-08
2.844439,9.477611,-1.081986E-07,359.7294,9.488985,-3.567291E-07
2.930892,8.41748,-5.394194E-08,0.2873887,8.428244,3.354607E-07
2.930893,8.417481,-1.348548E-08,0.2873883,8.428245,9.608673E-08
2.930893,8.41748,8.091289E-08,0.2873867,8.428243,-1.904877E-07
357.8095,8.422315,-1.348565E-08,354.9378,8.395979,-5.393893E-08
356.3982,0.3139628,1.709241E-07,353.491,0.3125567,2.60138E-07
