L_Yaw,L_Pitch,L_Roll,R_Yaw,R_Pitch,R_Roll,
358.951,358.173,1.668375E-09,355.9123,358.1135,-6.673724E-09
358.877,358.1766,3.336743E-09,355.8383,358.1186,6.673704E-09
358.8694,357.5414,6.676252E-09,355.9561,357.4838,0
358.8359,357.5505,0,355.9226,357.4935,0
359.0874,357.5834,1.669011E-09,356.2896,357.5283,0
359.0744,357.8026,0,356.2588,357.7464,6.67527E-09
359.0618,357.8278,-1.668726E-09,356.2462,357.7714,-6.675155E-09
359.0428,357.9703,0,355.8185,357.9094,0
358.9988,357.897,0,355.7743,357.8406,-6.674846E-09
358.9926,357.6822,-3.337784E-09,355.6653,357.622,-6.675855E-09
358.3021,357.8976,-6.674599E-09,355.4954,357.8469,-6.674818E-09
358.2921,357.8602,3.337381E-09,355.4853,357.8104,0
358.944,357.6098,5.006936E-09,355.5908,357.5486,0
358.9299,357.5262,1.669082E-09,355.5765,357.464,1.335329E-08
359.3111,357.5797,0,356.3134,357.5251,0
359.0359,357.1187,0,356.0371,357.0674,6.678853E-09
358.875,356.9236,0,355.8758,356.869,-1.336016E-08
358.4686,355.7488,0,355.1921,355.6884,5.351229E-08
358.249,355.3728,-6.691917E-09,354.9707,355.315,1.338493E-08
357.2382,352.293,2.692363E-08,353.9162,352.2428,2.692683E-08
356.5489,349.6467,-2.712202E-08,353.1955,349.5923,0
355.1238,348.5372,-5.444686E-08,351.7579,348.478,0
349.7389,344.2527,-1.108834E-07,346.2267,344.2598,-4.435181E-07
