L_Yaw,L_Pitch,L_Roll,R_Yaw,R_Pitch,R_Roll,
2.088742,353.6961,1.342137E-08,359.4839,353.7961,1.67735E-09
2.099534,353.6676,-1.34221E-08,359.4946,353.7674,0
2.702845,353.6069,0,359.1381,353.7419,0
2.688425,353.556,0,359.126,353.6943,-3.355352E-09
2.691358,353.5391,0,359.1289,353.6777,0
2.868415,352.8886,0,359.4568,353.0172,-3.359975E-09
2.884138,352.903,2.688641E-08,359.4726,353.0307,-3.359878E-09
3.043905,352.7808,1.344681E-08,359.6703,352.9053,0
3.03512,352.7974,0,359.6617,352.9235,1.680326E-09
3.683395,352.731,-2.689659E-08,0.002336602,352.8665,1.312918E-11
3.724804,352.7326,2.68965E-08,0.3821332,352.8544,-1.680579E-09
3.693319,352.7263,0,0.3506829,352.85,1.680595E-09
3.646584,352.7222,2.689712E-08,0.06740104,352.856,-4.201434E-10
3.407326,352.5844,0,0.03198634,352.7109,0
3.361598,352.5575,-2.69071E-08,359.9861,352.6843,-1.050758E-10
2.805274,352.5646,0,359.0477,352.7127,0
1.692057,354.1852,1.340921E-08,358.0797,354.3407,0
1.658112,354.1829,-6.704632E-09,358.0458,354.3396,6.702789E-09
358.3378,356.7009,3.34059E-09,354.9653,356.8626,0
358.3203,356.6868,0,354.9477,356.8482,-1.336042E-08
358.3004,356.9469,0,354.9306,357.1069,-1.335724E-08
357.1117,357.5429,6.676244E-09,354.1776,357.684,0
357.0631,357.5157,-6.676382E-09,354.129,357.6576,0
358.4845,1.656915,-1.668224E-09,356.0127,1.769514,0
358.4491,1.62097,-3.336388E-09,355.9773,1.733185,6.673159E-09
357.8484,1.595163,0,356.3861,1.661458,-6.672912E-09
357.8175,1.572068,-6.672618E-09,356.3552,1.638473,-3.336417E-09
357.7198,1.467928,0,356.2574,1.534339,6.672499E-09
356.0292,1.533544,-3.336248E-09,354.7881,1.588824,-6.672672E-09
355.987,1.529875,-6.672486E-09,354.7458,1.584787,0
355.3802,2.035259,0,354.124,2.090004,0
355.33,2.003363,1.334837E-08,354.0738,2.058864,0
355.1383,1.913815,-1.334766E-08,353.8822,1.970451,-2.002216E-08
355.3813,1.423238,-6.672165E-09,354.1245,1.481138,6.672336E-09
354.9708,1.185497,-6.671535E-09,353.7142,1.244137,0
354.7598,0.8841851,3.335451E-09,353.5608,0.9415208,3.335503E-09
354.3913,0.6008898,0,353.1925,0.6605427,-3.335275E-09
353.9781,359.4345,0,352.7951,359.4943,-3.335183E-09
353.4137,358.9824,6.671159E-09,352.2305,359.0413,0
356.2512,354.7301,0,354.415,354.8129,2.679014E-08
355.5622,350.897,5.404147E-08,353.6971,350.9775,-5.402937E-08
